asus-1489ef8faf/165.246.39.49,2014-04-04 16:08:21,guest1,Invalid UserName?
asus-1489ef8faf/165.246.39.49,2014-04-04 16:08:27,guest,Lonin Succeed!!!
asus-1489ef8faf/165.246.39.49,2014-04-04 16:15:54,guest,Lonin Succeed!!!
localhost/127.0.0.1,2014-05-14 21:48:50,guest,Invalid Password?
localhost/127.0.0.1,2014-05-14 21:49:18,u,Invalid UserName?
localhost/127.0.0.1,2014-05-14 21:49:40,u,Invalid UserName?
localhost/127.0.0.1,2014-05-14 21:49:44,su,Lonin Succeed!!!
localhost/127.0.0.1,2014-05-14 21:51:53,u,Invalid UserName?
localhost/127.0.0.1,2014-05-14 21:51:56,su,Lonin Succeed!!!
asus-1489ef8faf/165.246.39.49,2014-05-14 21:56:26,su,Lonin Succeed!!!
asus-1489ef8faf/165.246.39.49,2014-05-14 22:31:04,su,Lonin Succeed!!!
